<?xml version="1.0" encoding="UTF-8"?>
<beans xmlns="http://www.springframework.org/schema/beans"
     xmlns:xsi="http://www.w3.org/2001/XMLSchema-instance"
     xmlns:aop="http://www.springframework.org/schema/aop"
     xsi:schemaLocation="
     http://www.springframework.org/schema/beans 
     http://www.springframework.org/schema/beans/spring-beans.xsd
     http://www.springframework.org/schema/aop 
     http://www.springframework.org/schema/aop/spring-aop.xsd">


	<!--<aop:aspectj-autoproxy proxy-target-class="true"/>-->
	<bean id="customerService" class="edu.mum.cs544.CustomerService">
		<property name="customerDAO" ref="customerDAO" />
		<property name="emailSender" ref="emailSender" />
	</bean>
	<bean id="customerDAO"  class="edu.mum.cs544.CustomerDAO" />
	<bean id="emailSender"  class="edu.mum.cs544.EmailSender" />
	<bean id="LogAspect" class="edu.mum.cs544.LogAspect" />
</beans>